,image,title,link
1,https://assets.blabbermouth.net/media/randyrhoadsremembered2019_420x237.jpg,Music Gear That Once Belonged To RANDY RHOADS Stolen From Musonia School Of Music,https://www.blabbermouth.net/news/music-gear-that-once-belonged-to-randy-rhoads-stolen-from-musonia-school-of-music/
2,https://assets.blabbermouth.net/media/chrisadlerindia2019_420x237.jpg,Ex-LAMB OF GOD Drummer CHRIS ADLER Is 'Impressed Beyond Words' By His Latest Visit To India,https://www.blabbermouth.net/news/ex-lamb-of-god-drummer-chris-adler-is-impressed-beyond-words-by-his-latest-visit-to-india/
3,https://assets.blabbermouth.net/media/jasonnewsteddec2018_420x237.jpg,Former METALLICA Bassist JASON NEWSTED Sells Walnut Creek Home For $2.3 Million,https://www.blabbermouth.net/news/former-metallica-bassist-jason-newsted-sells-walnut-creek-home-for-2-3-million/
4,https://assets.blabbermouth.net/media/JamesKottakSept2018Promo_420x237.jpg,Ex-SCORPIONS Drummer JAMES KOTTAK's Message To Immigrants And Refugees: 'Fix Your S**thole Country First',https://www.blabbermouth.net/news/ex-scorpions-drummer-james-kottaks-message-to-immigrants-and-refugees-fix-your-sthole-country-first/
5,https://assets.blabbermouth.net/media/kidrock2019promo_420x237.jpg,KID ROCK Breaks Silence After Drunken Rant At Nashville Bar,https://www.blabbermouth.net/news/kid-rock-breaks-silence-after-drunken-rant-at-nashville-bar/
6,https://assets.blabbermouth.net/media/alissawhitegluzmichaelamott2019_420x237.jpg,ARCH ENEMY's MICHAEL AMOTT Says ALISSA WHITE-GLUZ Has Been Treated 'Very Unfairly' By Metal Media In Recent Months,https://www.blabbermouth.net/news/arch-enemys-michael-amott-says-alissa-white-gluz-has-been-treated-very-unfairly-by-metal-media-in-recent-months/
7,https://assets.blabbermouth.net/media/SebastianBachNov2019Live_420x237.jpg,SEBASTIAN BACH Says He Had 'Nothing To Do' With 'Forever Wild' Vinyl Release For 'Record Store Day',https://www.blabbermouth.net/news/sebastian-bach-says-he-had-nothing-to-do-with-forever-wild-vinyl-release-for-record-store-day/
8,https://assets.blabbermouth.net/media/mickmarstheend2015march2019_420x237.jpg,MÖTLEY CRÜE's MICK MARS To Release Debut Solo Record In April 2020,https://www.blabbermouth.net/news/motley-crues-mick-mars-to-release-debut-solo-record-in-april-2020/
9,https://assets.blabbermouth.net/media/dirtyhoneybandnov2019_420x237.jpg,DIRTY HONEY Bassist Says 'It's A Good Time For Rock',https://www.blabbermouth.net/news/dirty-honey-bassist-says-its-a-good-time-for-rock/
10,https://assets.blabbermouth.net/media/lordibandoct2019_420x237.jpg,LORDI: Music Video For New Song 'I Dug A Hole In The Yard For You',https://www.blabbermouth.net/news/lordi-lyric-video-for-new-song-i-dug-a-hole-in-the-yard-for-you/
11,https://assets.blabbermouth.net/media/strypersept2018betterpromo_420x237.jpg,MICHAEL SWEET Says STRYPER Is 'The Most Logical Choice' For Opening Slot On MÖTLEY CRÜE's Tour With DEF LEPPARD And POISON,https://www.blabbermouth.net/news/michael-sweet-says-stryper-is-the-most-logical-choice-for-opening-slot-on-motley-crues-tour-with-def-leppard-and-poison/
12,https://assets.blabbermouth.net/media/ozzyosbournenov2019promo_420x237.jpg,Listen To OZZY OSBOURNE Talk About His New 'See You On The Other Side' Box Set,https://www.blabbermouth.net/news/listen-to-ozzy-osbourne-talk-about-his-new-see-you-on-the-other-side-box-set/
13,https://assets.blabbermouth.net/media/jayweinbergslipknotlittlepunkaug2019_420x237.jpg,SLIPKNOT's JAY WEINBERG Named World's Best Heavy Metal Drummer,https://www.blabbermouth.net/news/slipknots-jay-weinberg-named-worlds-best-heavy-metal-drummer/
14,https://assets.blabbermouth.net/media/creamgoodbyetourtop_420x237.jpg,CREAM: 'Goodbye Tour – Live 1968' 4CD Live Box Set To Be Released In February,https://www.blabbermouth.net/news/cream-goodbye-tour-live-1968-4cd-live-box-set-to-be-released-in-february/
15,https://assets.blabbermouth.net/media/wednesday13bandjuly2019_420x237.jpg,WEDNESDAY 13 Releases Cover Of GARY NUMAN's 'Films',https://www.blabbermouth.net/news/wednesday-13-releases-cover-of-gary-numans-films/
16,https://assets.blabbermouth.net/media/viviancampbellsolojan2019_420x237.jpg,VIVIAN CAMPBELL: 'For So Many Decades -  I Did Not Consider DIO A Credible Part Of My Legacy',https://www.blabbermouth.net/news/vivian-campbell-for-so-many-decades-i-did-not-consider-dio-a-credible-part-of-my-legacy/
17,https://assets.blabbermouth.net/media/amberiandawnoct2019_420x237_0.jpg,AMBERIAN DAWN Covers ABBA's 'Lay All Your Love On Me',https://www.blabbermouth.net/news/amberian-dawn-covers-abbas-lay-all-your-love-on-me/
18,https://assets.blabbermouth.net/media/kidrock2019promo_420x237.jpg,KID ROCK Slams OPRAH WINFREY In Onstage Rant At Nashville Bar (Video),https://www.blabbermouth.net/news/kid-rock-slams-oprah-winfrey-in-onstage-rant-at-nashville-bar-video/
19,https://assets.blabbermouth.net/media/delainbandnov2019new_420x237.jpg,DELAIN To Release 'Apocalypse & Chill' Album In February,https://www.blabbermouth.net/news/delain-to-release-apocalypse-chill-album-in-february/
20,https://assets.blabbermouth.net/media/ozzyosbournevidoct2019_420x237.jpg,The Music For OZZY OSBOURNE's New Album Was Written And Recorded In Four Days,https://www.blabbermouth.net/news/the-music-for-ozzy-osbournes-new-album-was-written-and-recorded-in-four-days/
21,https://assets.blabbermouth.net/media/charliebenanteanselmovegas_420x237.jpg,ANTHRAX's CHARLIE BENANTE Teams Up With PHILIP ANSELMO To Perform PANTERA Classics In Las Vegas (Video),https://www.blabbermouth.net/news/anthraxs-charlie-benante-teams-up-with-philip-anselmo-to-perform-pantera-classics-in-las-vegas-video/
22,https://assets.blabbermouth.net/media/kreatorlive2018collage_420x237.jpg,KREATOR Announces New Live Release 'London Apocalypticon - Live At The Roundhouse',https://www.blabbermouth.net/news/kreator-announces-new-live-release-london-apocalypticon-live-at-the-roundhouse/
23,https://assets.blabbermouth.net/media/ironmaidenwestham_420x237.jpg,IRON MAIDEN And WEST HAM UNITED Unveil Football Kit Collaboration,https://www.blabbermouth.net/news/iron-maiden-and-west-ham-united-unveil-football-kit-collaboration/
24,https://assets.blabbermouth.net/media/steelpantherpromojuly2019_420x237.jpg,STEEL PANTHER Collaborates With Actor/Comedian ROB RIGGLE On Thanksgiving Song,https://www.blabbermouth.net/news/steel-panther-collaborates-with-actor-comedian-rob-riggle-on-thanksgiving-song/
25,https://assets.blabbermouth.net/media/GlennHughesBlackCountryCommunionpromoUncomp2018_420x237.jpg,GLENN HUGHES: 'I've Played With The Greatest Guitar Players. GARY MOORE Was The Jewel In The Crown',https://www.blabbermouth.net/news/glenn-hughes-ive-played-with-the-greatest-guitar-players-gary-moore-was-the-jewel-in-the-crown/
26,https://assets.blabbermouth.net/media/MotleyCruePromoMarch2019_creditPaulBrown_420x237.jpg,MÖTLEY CRÜE: Details Of 'Dr. Feelgood' 30th-Anniversary Edition Revealed,https://www.blabbermouth.net/news/motley-crue-details-of-dr-feelgood-30th-anniversary-edition-revealed/
27,https://assets.blabbermouth.net/media/clutchbandnov2019_420x237.jpg,CLUTCH Releases Music Video For Cover Version Of CREEDENCE CLEARWATER REVIVAL's 'Fortunate Son',https://www.blabbermouth.net/news/clutch-releases-music-video-for-cover-version-of-creedence-clearwater-revivals-fortunate-son/
28,https://assets.blabbermouth.net/media/blackveilbridesbandnov2019_420x237.jpg,BLACK VEIL BRIDES Announce New Bassist -  Release Two New Songs,https://www.blabbermouth.net/news/black-veil-brides-announce-new-bassist-release-two-new-songs/
29,https://assets.blabbermouth.net/media/robhalfordjudaspriestlivemay2019_2_420x237.jpg,Watch Mashup Of JUDAS PRIEST's 'You've Got Another Thing Coming' And MICHAEL JACKSON's 'Billie Jean',https://www.blabbermouth.net/news/watch-mashup-of-judas-priests-youve-got-another-thing-coming-and-michael-jacksons-billie-jean/
30,https://assets.blabbermouth.net/media/JamesHetfieldSoloRossHalfinQPrime2019_420x237.jpg,METALLICA's JAMES HETFIELD To Open Up His Garage For 'Reclaimed Rust: The Four-Wheeled Creations Of James Hetfield' Book,https://www.blabbermouth.net/news/metallicas-james-hetfield-to-open-up-his-garage-for-reclaimed-rust-the-four-wheeled-creations-of-james-hetfield-book/
31,https://assets.blabbermouth.net/media/john5solonov2018_420x237.jpg,JOHN 5 Says He Had 'Some Of The Best Years' Of His Life Playing With MARILYN MANSON,https://www.blabbermouth.net/news/john-5-says-he-had-some-of-the-best-years-of-his-life-playing-with-marilyn-manson/
32,https://assets.blabbermouth.net/media/litaforddustinjackdec2018_420x237.jpg,LITA FORD Is Putting Finishing Touches On 'Dark' And 'Badass' New Album,https://www.blabbermouth.net/news/lita-ford-is-putting-finishing-touches-on-dark-and-badass-new-album/
33,https://assets.blabbermouth.net/media/rayluziersolojan2019_420x237.jpg,RAY LUZIER Says KORN Is 'Definitely On A New Level All The Way Around As A Band',https://www.blabbermouth.net/news/ray-luzier-says-korn-is-definitely-on-a-new-level-all-the-way-around-as-a-band/
34,https://assets.blabbermouth.net/media/martyfriedman2017promobetter_420x237.jpg,MARTY FRIEDMAN On 'Dragon's Kiss' Solo Debut: 'There's A Lot Of Things I Would Do Differently Now',https://www.blabbermouth.net/news/marty-friedman-on-dragons-kiss-solo-debut-theres-a-lot-of-things-i-would-do-differently-now/
35,https://assets.blabbermouth.net/media/ChrisAdlerIndia2019_420x237.jpg,Watch CHRIS ADLER Perform LAMB OF GOD's 'Now You've Got Something To Die For' In Hyderabad -  India,https://www.blabbermouth.net/news/watch-chris-adler-perform-lamb-of-gods-now-youve-got-something-to-die-for-in-hyderabad-india/
36,https://assets.blabbermouth.net/media/oliherbertallthatremainsoct2018new_420x237.jpg,Late ALL THAT REMAINS Guitarist OLI HERBERT's Friends And Fans Use Billboard To Seek Information On His Death,https://www.blabbermouth.net/news/late-all-that-remains-guitarist-oli-herberts-friends-and-fans-use-billboard-to-seek-information-on-his-death/
37,https://assets.blabbermouth.net/media/serenitybandnov2019_420x237.jpg,SERENITY Releases Music Video For 'Set The World On Fire',https://www.blabbermouth.net/news/serenity-releases-music-video-for-set-the-world-on-fire/
38,https://assets.blabbermouth.net/media/sammyhagar5105vidmarch2019_420x237.jpg,SAMMY HAGAR On What He Learned From Working With RONNIE MONTROSE: 'I Don't Want To Play In A Band With People I Don't Like',https://www.blabbermouth.net/news/sammy-hagar-on-what-he-learned-from-working-with-ronnie-montrose-i-dont-want-to-play-in-a-band-with-people-i-dont-like/
39,https://assets.blabbermouth.net/media/karlsandersnilecapital2019_420x237.jpg,KARL SANDERS Recalls NILE's Worst Touring Experience,https://www.blabbermouth.net/news/karl-sanders-recalls-niles-worst-touring-experience/
40,https://assets.blabbermouth.net/media/faithnomorenov2019_420x237.jpg,FAITH NO MORE Confirms More European Festival Appearances,https://www.blabbermouth.net/news/faith-no-more-confirms-more-european-festival-appearances/
41,https://assets.blabbermouth.net/media/ihsahnnov2018promocandlelight_420x237.jpg,IHSAHN To Release First Of Two New EPs In February,https://www.blabbermouth.net/news/ihsahn-to-release-first-of-two-new-eps-in-february/
42,https://assets.blabbermouth.net/media/robhalfordcelestialpromo_420x237.jpg,JUDAS PRIEST's ROB HALFORD: Second ROCK AND ROLL HALL OF FAME Nomination Is 'Another Thrill And An Honor',https://www.blabbermouth.net/news/judas-priests-rob-halford-second-rock-and-roll-hall-of-fame-nomination-is-another-thrill-and-an-honor/
43,https://assets.blabbermouth.net/media/AceFrehleyDec2018Better_420x237.jpg,ACE FREHLEY's Estranged Girlfriend Gets Restraining Order Against Former KISS Guitarist,https://www.blabbermouth.net/news/ace-frehleys-estranged-girlfriend-gets-restraining-order-against-former-kiss-guitarist/
44,https://assets.blabbermouth.net/media/amonamarthbandapril2019_420x237.jpg,JOHAN SÖDERBERG Says AMON AMARTH Gave MACHINE HEAD Idea For 'Evening With' Shows,https://www.blabbermouth.net/news/johan-soderberg-says-amon-amarth-gave-machine-head-idea-for-evening-with-shows/
45,https://assets.blabbermouth.net/media/vinceneilhandsurgery2019_420x237.jpg,MÖTLEY CRÜE's VINCE NEIL Undergoes Hand Surgery,https://www.blabbermouth.net/news/motley-crues-vince-neil-undergoes-hand-surgery/
46,https://assets.blabbermouth.net/media/TwistedSisterSpookyEmpire2019_420x237.jpg,Watch TWISTED SISTER Reunite At 'Spooky Empire' Horror-Themed Convention,https://www.blabbermouth.net/news/watch-twisted-sister-reunite-at-spooky-empire-horror-themed-convention/
47,https://assets.blabbermouth.net/media/dizzyreedsolobwguns_420x237.jpg,DIZZY REED Looks Back On His Three Decades With GUNS N' ROSES: 'It's Just Been A Blast',https://www.blabbermouth.net/news/dizzy-reed-looks-back-on-his-three-decades-with-guns-n-roses-its-just-been-a-blast/
48,https://assets.blabbermouth.net/media/coreytaylorguitarsolo_420x237.jpg,You Can Own Guitar SLIPKNOT's COREY TAYLOR Used To Write His Upcoming Solo Album,https://www.blabbermouth.net/news/you-can-own-guitar-slipknots-corey-taylor-used-to-write-his-upcoming-solo-album/
49,https://assets.blabbermouth.net/media/adaytoremembernov2019promo_420x237.jpg,A DAY TO REMEMBER Guitarist Explains New Album Delay,https://www.blabbermouth.net/news/a-day-to-remember-guitarist-explains-new-album-delay/
50,https://assets.blabbermouth.net/media/alicecoopermarch2019promo_420x237.jpg,ALICE COOPER On Forthcoming Album: 'It Will Definitely Have A Lot Of Different Flavors In It That We Don't Normally Go To',https://www.blabbermouth.net/news/alice-cooper-on-forthcoming-album-it-will-definitely-have-a-lot-of-different-flavors-in-it-that-we-dont-normally-go-to/
51,https://assets.blabbermouth.net/media/scourbandnov2019_420x237.jpg,PHILIP ANSELMO's SCOUR Releases Cover Of BATHORY's 'Massacre',https://www.blabbermouth.net/news/philip-anselmos-scour-releases-cover-of-bathorys-massacre/
52,https://assets.blabbermouth.net/media/sammyhagarthecirclelivenov2019_420x237.jpg,SAMMY HAGAR On THE CIRCLE's 'Space Between': 'I Got Hung Up On Trying To Make The Best Record I'd Ever Made In My Life',https://www.blabbermouth.net/news/sammy-hagar-on-the-circles-space-between-i-got-hung-up-on-trying-to-make-the-best-record-id-ever-made-in-my-life/
53,https://assets.blabbermouth.net/media/annihilatorbandnov2019_420x237.jpg,ANNIHILATOR Releases 'Psycho Ward' Music Video,https://www.blabbermouth.net/news/annihilator-releases-psycho-ward-music-video/
54,https://assets.blabbermouth.net/media/opethbandaug2019_420x237.jpg,OPETH Releases Animated Video For 'Universal Truth',https://www.blabbermouth.net/news/opeth-releases-animated-video-for-universal-truth/
55,https://assets.blabbermouth.net/media/rayaldersoloaug2019_420x237.jpg,FATES WARNING's RAY ALDER Releases Music Video For Solo Song 'Wait',https://www.blabbermouth.net/news/fates-warnings-ray-alder-releases-music-video-for-solo-song-wait/
56,https://assets.blabbermouth.net/media/petetownshendnov2019_420x237.jpg,THE WHO's PETE TOWNSHEND Explains Controversial KEITH MOON And JOHN ENTWISTLE Comments,https://www.blabbermouth.net/news/the-whos-pete-townshend-explains-controversial-keith-moon-and-john-entwistle-comments/
57,https://assets.blabbermouth.net/media/nevermorebandpromo_420x237.jpg,NEVERMORE: 'The Guitar Anthology' Now Available,https://www.blabbermouth.net/news/nevermore-the-guitar-anthology-now-available/
58,https://assets.blabbermouth.net/media/derrickgreensepultura2019paris_420x237.jpg,SEPULTURA: Pro-Shot Video Of Entire Paris Concert,https://www.blabbermouth.net/news/sepultura-pro-shot-video-of-entire-paris-concert/
59,https://assets.blabbermouth.net/media/JamesKottakSept2018Promo_420x237.jpg,Ex-SCORPIONS Drummer JAMES KOTTAK Says Black Americans Are Disproportionately Represented In Commercials,https://www.blabbermouth.net/news/ex-scorpions-drummer-james-kottak-says-black-americans-are-disproportionately-represented-in-commercials/
60,https://assets.blabbermouth.net/media/kvelertakbandnov2019_420x237.jpg,KVELERTAK To Release 'Splid' Album In February,https://www.blabbermouth.net/news/kvelertak-to-release-splid-album-in-february/
61,https://assets.blabbermouth.net/media/fivefingerdeathpunch2019promohuge_420x237.jpg,FIVE FINGER DEATH PUNCH's New Single -  'Inside Out' -  To Arrive Sunday Night,https://www.blabbermouth.net/news/five-finger-death-punchs-new-single-inside-out-to-arrive-sunday-night/
62,https://assets.blabbermouth.net/media/gretavanfleetjuly2019promoheidi_420x237.jpg,GRETA VAN FLEET Is 'Super Excited' About Upcoming Second Album,https://www.blabbermouth.net/news/greta-van-fleet-is-super-excited-about-upcoming-second-album/
63,https://assets.blabbermouth.net/media/chrisfehnslipknotsolomarch2019_420x237.jpg,Portions Of Ex-SLIPKNOT Percussionist CHRIS FEHN's Lawsuit Over Band Profits Dismissed,https://www.blabbermouth.net/news/portions-of-ex-slipknot-percussionist-chris-fehns-lawsuit-over-band-profits-dismissed/
64,https://assets.blabbermouth.net/media/daviddraimanconan2016_420x237.jpg,DISTURBED's Performance Of 'The Sound Of Silence' Becomes First 'Conan' YouTube Clip To Surpass 100 Million Views,https://www.blabbermouth.net/news/disturbeds-performance-of-the-sound-of-silence-becomes-first-conan-youtube-clip-to-surpass-100-million-views/
65,https://assets.blabbermouth.net/media/slayer2015promowhitedec2018_420x237.jpg,SLAYER's Manager Doesn't Foresee Band Changing Its Mind About Retirement: 'I'm Not Sensing That At All',https://www.blabbermouth.net/news/slayers-manager-doesnt-foresee-band-changing-its-mind-about-retirement-im-not-sensing-that-at-all/
66,https://assets.blabbermouth.net/media/ozzyosbournepostmalonenov2019official_420x237.jpg,OZZY OSBOURNE And POST MALONE Release Official Live Video For 'Take What You Want',https://www.blabbermouth.net/news/ozzy-osbourne-and-post-malone-release-official-live-video-for-take-what-you-want/
67,https://assets.blabbermouth.net/media/justinmcbrainsolo2019_420x237.jpg,Watch NICKO MCBRAIN's Son JUSTIN Play Drums,https://www.blabbermouth.net/news/watch-nicko-mcbrains-son-justin-play-drums/
68,https://assets.blabbermouth.net/media/nightofmetaltorontolive2019_420x237.jpg,Video: Former JUDAS PRIEST -  MEGADETH Members Perform Heavy Metal Classics In Toronto,https://www.blabbermouth.net/news/video-former-judas-priest-megadeth-members-perform-heavy-metal-classics-in-toronto-2/
69,https://assets.blabbermouth.net/media/staticxpressphotojuly2019jeremysaffer_420x237.jpg,TONY CAMPOS Says New STATIC-X Singer 'Does A Good Homage' To WAYNE STATIC,https://www.blabbermouth.net/news/tony-campos-says-new-static-x-singer-does-a-good-homage-to-wayne-static/
70,https://assets.blabbermouth.net/media/davelombardodeadcrosssept2018_420x237.jpg,DAVE LOMBARDO On His Drive: 'I Could Probably Go Through Any Situation And I'll Still Come Out With My Head Above The Water',https://www.blabbermouth.net/news/dave-lombardo-on-his-drive-i-could-probably-go-through-any-situation-and-ill-still-come-out-with-my-head-above-the-water/
71,https://assets.blabbermouth.net/media/faithnomorenov2019_420x237.jpg,FAITH NO MORE Announces First 2020 Tour Dates,https://www.blabbermouth.net/news/faith-no-more-announces-first-2020-tour-dates/
72,https://assets.blabbermouth.net/media/petetownshendnov2019_420x237.jpg,THE WHO's PETE TOWNSHEND On KEITH MOON And JOHN ENTWISTLE: 'Thank God They're Gone',https://www.blabbermouth.net/news/the-whos-pete-townshend-on-keith-moon-and-john-entwistle-thank-god-theyre-gone/
73,https://assets.blabbermouth.net/media/DaveMustaineJeremySafferSolo2Dec2018_420x237.jpg,DAVE MUSTAINE Says JAMES HETFIELD -  OZZY OSBOURNE And PAUL STANLEY Sent Messages Of Support After His Cancer Diagnosis,https://www.blabbermouth.net/news/dave-mustaine-says-james-hetfield-ozzy-osbourne-and-paul-stanley-sent-messages-of-support-after-his-cancer-diagnosis/
74,https://assets.blabbermouth.net/media/blazebayley2018solofeb2019_420x237.jpg,BLAZE BAYLEY To Release 'Live In Czech' Live Album And DVD,https://www.blabbermouth.net/news/blaze-bayley-to-release-live-in-czech-live-album-and-dvd/
75,https://assets.blabbermouth.net/media/hellyeahtoronto2019_420x237.jpg,Watch HELLYEAH Play PANTERA Covers In Toronto,https://www.blabbermouth.net/news/watch-hellyeah-play-pantera-covers-in-toronto/
76,https://assets.blabbermouth.net/media/garymooremascotpromonov2019_420x237.jpg,Live GARY MOORE Album From 2009 Show To Be Released In January,https://www.blabbermouth.net/news/live-gary-moore-album-from-2009-show-to-be-released-in-january/
77,https://assets.blabbermouth.net/media/quireboysnov2019_420x237.jpg,THE QUIREBOYS Announce First U.S. Tour In Seven Years,https://www.blabbermouth.net/news/the-quireboys-announce-first-u-s-tour-in-seven-years/
78,https://assets.blabbermouth.net/media/dennisward2019_420x237.jpg,DENNIS WARD Quits PINK CREAM 69,https://www.blabbermouth.net/news/dennis-ward-quits-pink-cream-69/
79,https://assets.blabbermouth.net/media/shinedownbandsept2019_420x237.jpg,SHINEDOWN -  311 And WEEZER To Headline Third Annual SANDJAM Festival,https://www.blabbermouth.net/news/shinedown-311-and-weezer-to-headline-third-annual-sandjam-festival/
80,https://assets.blabbermouth.net/media/duffmckagansolonewfeb2019_420x237.jpg,Watch GUNS N' ROSES Bassist DUFF MCKAGAN Unbox 'Super Deluxe' Reissue Of PRINCE's '1999',https://www.blabbermouth.net/news/watch-guns-n-roses-bassist-duff-mckagan-unbox-super-deluxe-reissue-of-princes-1999/
81,https://assets.blabbermouth.net/media/hollywoodvampiresoutside2019_420x237.jpg,HOLLYWOOD VAMPIRES Announce September 2020 U.K. Tour,https://www.blabbermouth.net/news/hollywood-vampires-announce-september-2020-u-k-tour/
82,https://assets.blabbermouth.net/media/shannonhoonallicansay_420x237.jpg,Documentary About Late BLIND MELON Singer SHANNON HOON To Receive 2020 Release,https://www.blabbermouth.net/news/documentary-about-late-blind-melon-singer-shannon-hoon-to-receive-2020-release/
83,https://assets.blabbermouth.net/media/martyfriedman2017promobetter_420x237.jpg,Ex-MEGADETH Guitarist MARTY FRIEDMAN: 'Drugs Are Very Silly To Me',https://www.blabbermouth.net/news/ex-megadeth-guitarist-marty-friedman-drugs-are-very-silly-to-me/
84,https://assets.blabbermouth.net/media/miketrampstraypromojan2019official_420x237.jpg,Ex-WHITE LION Singer MIKE TRAMP Says 1980s Glam Metal Bands Found Out They Were All 'Replaceable And Disposable' When Grunge Hit,https://www.blabbermouth.net/news/ex-white-lion-singer-mike-tramp-says-1980s-glam-metal-bands-found-out-they-were-all-replaceable-and-disposable-when-grunge-hit/
85,https://assets.blabbermouth.net/media/sharonosbournetalksept2019_420x237.jpg,SHARON OSBOURNE Says OZZY And POST MALONE 'Nailed It' With Their Performance At AMERICAN MUSIC AWARDS,https://www.blabbermouth.net/news/sharon-osbourne-says-ozzy-and-post-malone-nailed-it-with-their-performance-at-american-music-awards/
86,https://assets.blabbermouth.net/media/richiefaulkner2018promosolobetter_420x237.jpg,RICHIE FAULKNER: 'It's Not My Decision To Make' Whether K.K. DOWNING Will Be Involved In JUDAS PRIEST's 50th-Anniversary Tour,https://www.blabbermouth.net/news/richie-faulkner-its-not-my-decision-to-make-whether-k-k-downing-will-be-involved-in-judas-priests-50th-anniversary-tour/
87,https://assets.blabbermouth.net/media/wolfhoffmannpeterbaltes2_420x237.jpg,WOLF HOFFMANN Still Doesn't Quite Understand What Caused PETER BALTES To Leave ACCEPT,https://www.blabbermouth.net/news/wolf-hoffmann-still-doesnt-quite-understand-what-caused-peter-baltes-to-leave-accept/
88,https://assets.blabbermouth.net/media/philxpromogoldenrobotnov2019_420x237.jpg,BON JOVI Guitarist's PHIL X AND THE DRILLS Sign To GOLDEN ROBOT RECORDS,https://www.blabbermouth.net/news/bon-jovi-guitarists-phil-x-and-the-drills-sign-to-golden-robot-records/
89,https://assets.blabbermouth.net/media/garyholtslayerrepentlesspromodec2018_420x237.jpg,GARY HOLT Gives KEVIN HART 'A Pass' For Wearing EXODUS T-Shirt,https://www.blabbermouth.net/news/gary-holt-gives-kevin-hart-a-pass-for-wearing-exodus-t-shirt/
90,https://assets.blabbermouth.net/media/dirtyshirleynewnov2019_420x237.jpg,DIRTY SHIRLEY Feat. GEORGE LYNCH And TRANS-SIBERIAN ORCHESTRA Singer DINO JELUSICK: Lyric Video For 'Dirty Blues' Song,https://www.blabbermouth.net/news/dirty-shirley-feat-george-lynch-and-trans-siberian-orchestra-singer-dino-jelusick-lyric-video-for-dirty-blues-song/
91,https://assets.blabbermouth.net/media/MickMarsMotleyCruePromoMarch2019_creditPaulBrown_420x237.jpg,MICK MARS Says He Was 'Joking' About Free Tickets To MÖTLEY CRÜE's Reunion Tour,https://www.blabbermouth.net/news/mick-mars-says-he-was-joking-about-free-tickets-to-motley-crues-reunion-tour/
92,https://assets.blabbermouth.net/media/heartbandfeb2019_420x237.jpg,NANCY WILSON Has 'A Lot Of Song Ideas' For HEART's Next Release,https://www.blabbermouth.net/news/nancy-wilson-has-a-lot-of-song-ideas-for-hearts-next-release/
93,https://assets.blabbermouth.net/media/stitchedupheartbandjuly2019_420x237.jpg,STITCHED UP HEART Releases Two New Songs -  'Dead Roses' And 'This Skin',https://www.blabbermouth.net/news/stitched-up-heart-releases-two-new-songs-dead-roses-and-this-skin/
94,https://assets.blabbermouth.net/media/neilfallonsoloclutchcosapr_420x237.jpg,CLUTCH's NEIL FALLON Invites You To Join Him In Supporting INNOCENT LIVES FOUNDATION,https://www.blabbermouth.net/news/clutchs-neil-fallon-invites-you-to-join-him-in-supporting-innocent-lives-foundation/
95,https://assets.blabbermouth.net/media/ChrisAdlerIndia2019_420x237.jpg,Ex-LAMB OF GOD Drummer CHRIS ADLER: 'It's Exciting For Me To Be Able To Stay Passionate In The Music Industry',https://www.blabbermouth.net/news/ex-lamb-of-god-drummer-chris-adler-its-exciting-for-me-to-be-able-to-stay-passionate-in-the-music-industry/
96,https://assets.blabbermouth.net/media/metallicaaclfestival2018octpromo_420x237.jpg,METALLICA -  GUNS N' ROSES -  BON JOVI Among POLLSTAR's 'Top Touring Artists Of The Decade',https://www.blabbermouth.net/news/metallica-guns-n-roses-bon-jovi-among-pollstars-top-touring-artists-of-the-decade/
97,https://assets.blabbermouth.net/media/miseryindexbandnov2018_420x237.jpg,MISERY INDEX Releases Music Video For 'Decline And Fall',https://www.blabbermouth.net/news/misery-index-releases-music-video-for-decline-and-fall/
98,https://assets.blabbermouth.net/media/triumphbandnov2018_420x237.jpg,Canadian Rock Legends TRIUMPH 'Had A Great Time' Performing Again At Special Event In Toronto,https://www.blabbermouth.net/news/canadian-rock-legends-triumph-had-a-great-time-performing-again-at-special-event-in-toronto/
99,https://assets.blabbermouth.net/media/abbathsolojune2019_420x237.jpg,ABBATH Enters Rehab To Help Him 'Get Clean Once And For All',https://www.blabbermouth.net/news/abbath-enters-rehab-to-help-him-get-clean-once-and-for-all/
100,https://assets.blabbermouth.net/media/sabatonapocalypticahelsinki2019_420x237.jpg,Watch SABATON And APOCALYPTICA Perform Together At Helsinki Concert (Video),https://www.blabbermouth.net/news/watch-sabaton-and-apocalyptica-perform-together-at-helsinki-concert-video/
101,https://assets.blabbermouth.net/media/kkdowninglive2011oct2018_420x237.jpg,K.K. DOWNING Says He Reached Out To JUDAS PRIEST About Participating In 50th-Anniversary Tour,https://www.blabbermouth.net/news/k-k-downing-says-he-reached-out-to-judas-priest-about-participating-in-50th-anniversary-tour/
102,https://assets.blabbermouth.net/media/zoliteglasignite2019_dustinpromo_420x237.jpg,Singer ZOLTÁN 'ZOLI' TÉGLÁS Quits IGNITE,https://www.blabbermouth.net/news/singer-zoltan-zoli-teglas-quits-ignite/
103,https://assets.blabbermouth.net/media/lacunacoilsacramento2019_420x237.jpg,Watch LACUNA COIL's Entire Performance In Sacramento,https://www.blabbermouth.net/news/watch-lacuna-coils-entire-performance-in-sacramento/
104,https://assets.blabbermouth.net/media/opethbandaug2019_420x237.jpg,OPETH Releases Animated Short Film For 'Ingen Sanning Är Allas',https://www.blabbermouth.net/news/opeth-releases-animated-short-film-for-ingen-sanning-ar-allas/
105,https://assets.blabbermouth.net/media/ozzyosbournepostama_420x237.jpg,Watch OZZY OSBOURNE Join POST MALONE And TRAVIS SCOTT For 'Take What You Want' Performance At AMERICAN MUSIC AWARDS,https://www.blabbermouth.net/news/watch-ozzy-osbourne-join-post-malone-and-travis-scott-for-take-what-you-want-performance-at-american-music-awards/
106,https://assets.blabbermouth.net/media/kingdiamondsummerbreeze2019_420x237.jpg,Watch Pro-Shot Video Of KING DIAMOND's Entire SUMMER BREEZE Performance,https://www.blabbermouth.net/news/watch-pro-shot-video-of-king-diamonds-entire-summer-breeze-performance/
107,https://assets.blabbermouth.net/media/fredrikakessonopethsept2019promonb_420x237.jpg,OPETH's FREDRIK ÅKESSON: People On BLABBERMOUTH.NET 'Complain About Everything',https://www.blabbermouth.net/news/opeths-fredrik-akesson-people-on-blabbermouth-net-complain-about-everything/
108,https://assets.blabbermouth.net/media/ihsahnsept2018promobetter_420x237.jpg,IHSAHN Says His Side Project With TRIVIUM's MATT HEAFY Is 'Finally Coming Together',https://www.blabbermouth.net/news/ihsahn-says-his-side-project-with-triviums-matt-heafy-is-finally-coming-together/
109,https://assets.blabbermouth.net/media/FrankieBanaliTrunkNov2019_420x237.jpg,QUIET RIOT's FRANKIE BANALI: 'I Know The Cancer Will Be The Death Of Me',https://www.blabbermouth.net/news/quiet-riots-frankie-banali-i-know-the-cancer-will-be-the-death-of-me/
110,https://assets.blabbermouth.net/media/stevezetrosouza_mikeholderbeast2018_420x237.jpg,EXODUS: 'Fabulous Disaster Guitar Book' Now Available,https://www.blabbermouth.net/news/exodus-fabulous-disaster-guitar-book-now-available/
111,https://assets.blabbermouth.net/media/sammyhagar5105vidmarch2019_420x237.jpg,SAMMY HAGAR Says With Wealth Comes Responsibility: 'You've Got To Help Other People And Not Just Be About The Money',https://www.blabbermouth.net/news/sammy-hagar-says-with-wealth-comes-responsibility-youve-got-to-help-other-people-and-not-just-be-about-the-money/
112,https://assets.blabbermouth.net/media/dancewiththedevilcozypowellstorytop_420x237.jpg,COZY POWELL Biography 'Dance With The Devil' Due In March,https://www.blabbermouth.net/news/cozy-powell-biography-dance-with-the-devil-due-in-march/
113,https://assets.blabbermouth.net/media/gusgsolomay2019_420x237.jpg,GUS G. Looks Back On Making Of OZZY OSBOURNE's 'Scream' Album: 'You Can Say It Was Nerve-Racking',https://www.blabbermouth.net/news/gus-g-looks-back-on-making-of-ozzy-osbournes-scream-album-you-can-say-it-was-nerve-racking/
114,https://assets.blabbermouth.net/media/dankojonesloud2019_420x237.jpg,DANKO JONES: 'There Is Definitely A Place For Rock Music Today',https://www.blabbermouth.net/news/danko-jones-there-is-definitely-a-place-for-rock-music-today/
115,https://assets.blabbermouth.net/media/jeffwatersemp2019_420x237.jpg,JEFF WATERS Says ANNIHILATOR's New Album Is 'Early-Style -  Back-To-The-Roots Stuff',https://www.blabbermouth.net/news/jeff-waters-says-annihilators-new-album-is-early-style-back-to-the-roots-stuff/
116,https://assets.blabbermouth.net/media/stonetemplepilotsoct2019_420x237.jpg,ERIC KRETZ Confirms Next STONE TEMPLE PILOTS Album Will Be Mostly Acoustic,https://www.blabbermouth.net/news/eric-kretz-confirms-next-stone-temple-pilots-album-will-be-mostly-acoustic/
117,https://assets.blabbermouth.net/media/davelombardonov2019_420x237.jpg,DAVE LOMBARDO Has No Plans To Attend SLAYER's Final Show,https://www.blabbermouth.net/news/dave-lombardo-has-no-plans-to-attend-slayers-final-show/
118,https://assets.blabbermouth.net/media/lorrainelewisvixennov2019_420x237.jpg,Watch VIXEN Perform In Houston,https://www.blabbermouth.net/news/watch-vixen-perform-in-houston/
119,https://assets.blabbermouth.net/media/davemustainecancerannouncementjune2019_420x237.jpg,MEGADETH's DAVE MUSTAINE Looks Healthy In New Family Photo,https://www.blabbermouth.net/news/megadeths-dave-mustaine-looks-healthy-in-new-family-photo/
120,https://assets.blabbermouth.net/media/lindemannbandnov2019promo_420x237.jpg,Video Premiere: LINDEMANN's 'Frau & Mann',https://www.blabbermouth.net/news/video-premiere-lindemanns-frau-mann/
121,https://assets.blabbermouth.net/media/faithnomorenov2018promo_420x237.jpg,Is FAITH NO MORE Plotting Another Comeback?,https://www.blabbermouth.net/news/is-faith-no-more-plotting-another-comeback/
122,https://assets.blabbermouth.net/media/circlejerkslive_420x237.jpg,CIRCLE JERKS Announce 2020 Reunion Shows,https://www.blabbermouth.net/news/circle-jerks-announce-2020-reunion-shows/
123,https://assets.blabbermouth.net/media/korncoldlive_420x237.jpg,KORN Releases 'Cold' Live Video,https://www.blabbermouth.net/news/korn-releases-cold-live-video/
124,https://assets.blabbermouth.net/media/mickmarstheend2015march2019_420x237.jpg,MÖTLEY CRÜE's MICK MARS Guests On BLACK SMOKE TRIGGER EP (Audio),https://www.blabbermouth.net/news/motley-crues-mick-mars-guests-on-black-smoke-trigger-ep-audio/
125,https://assets.blabbermouth.net/media/tommyleemalibuhome_420x237.jpg,MÖTLEY CRÜE's TOMMY LEE Revisits His Former 'MTV Cribs' Home That Was Destroyed By California Fires (Video),https://www.blabbermouth.net/news/motley-crues-tommy-lee-revisits-his-former-mtv-cribs-home-that-was-destroyed-by-california-fires-video/
126,https://assets.blabbermouth.net/media/stixzadinianov2019_420x237.jpg,STEEL PANTHER Drummer Asks MICK MARS For Promised 'Free' MÖTLEY CRÜE Tickets,https://www.blabbermouth.net/news/steel-panther-drummer-asks-mick-mars-for-promised-free-motley-crue-tickets/
127,https://assets.blabbermouth.net/media/AceFrehleyDec2018Better_420x237.jpg,ACE FREHLEY's 'Origins Vol. 2' To Feature Guest Appearance By Ex-KISS Guitarist BRUCE KULICK,https://www.blabbermouth.net/news/ace-frehleys-origins-vol-2-to-feature-guest-appearance-by-ex-kiss-guitarist-bruce-kulick/
128,https://assets.blabbermouth.net/media/SammyHagarCarTideSept2019_420x237.jpg,SAMMY HAGAR On The VAN HALEN Brothers: 'I Wish We Could Be Friends',https://www.blabbermouth.net/news/sammy-hagar-on-the-van-halen-brothers-i-wish-we-could-be-friends/
129,https://assets.blabbermouth.net/media/pissingrazorsnov2019_420x237.jpg,PISSING RAZORS: 'Left For Dead' Music Video,https://www.blabbermouth.net/news/pissing-razors-left-for-dead-music-video/
130,https://assets.blabbermouth.net/media/bondedbandnov2019_420x237.jpg,BONDED Feat. Former SODOM Members: 'Rest In Violence' Debut Album Due In January,https://www.blabbermouth.net/news/bonded-feat-former-sodom-members-rest-in-violence-debut-album-due-in-january/
131,https://assets.blabbermouth.net/media/jameyjastamay2019_420x237.jpg,Listen To New JASTA Song 'Spilled Blood Never Dries' Featuring KIRK WINDSTEIN,https://www.blabbermouth.net/news/listen-to-new-jasta-song-spilled-blood-never-dries-featuring-kirk-windstein/
132,https://assets.blabbermouth.net/media/geddyleebigbeautifulbookpromo_420x237.jpg,RUSH's GEDDY LEE Announces December 2019 Book-Signing Dates,https://www.blabbermouth.net/news/rushs-geddy-lee-announces-december-2019-book-signing-dates/
133,https://assets.blabbermouth.net/media/mrbig2017promooct2018_420x237.jpg,MR. BIG's ERIC MARTIN On Late Drummer PAT TORPEY: 'He Was PAUL MCCARTNEY To My JOHN LENNON',https://www.blabbermouth.net/news/mr-bigs-eric-martin-on-late-drummer-pat-torpey-he-was-paul-mccartney-to-my-john-lennon/
134,https://assets.blabbermouth.net/media/strigoibandaug2019_420x237.jpg,STRIGOI Feat. PARADISE LOST Guitarist GREG MACKINTOSH: 'Carved Into The Skin' Music Video,https://www.blabbermouth.net/news/strigoi-feat-paradise-lost-guitarist-greg-mackintosh-carved-into-the-skin-music-video/
135,https://assets.blabbermouth.net/media/magnumbandoct2019_420x237.jpg,MAGNUM: Official Lyric Video For 'Not Forgiven' Song,https://www.blabbermouth.net/news/magnum-official-lyric-video-for-not-forgiven-song/
136,https://assets.blabbermouth.net/media/comeonfeelthenoizecover_top_420x237.jpg,BLACK SABBATH -  LED ZEPPELIN -  DEEP PURPLE -  METALLICA Members Featured In 'Come On Feel The Noize' Documentary,https://www.blabbermouth.net/news/black-sabbath-led-zeppelin-deep-purple-metallica-members-featured-in-come-on-feel-the-noize-documentary/
137,https://assets.blabbermouth.net/media/petercrissapril2019_420x237.jpg,Original KISS Drummer PETER CRISS Pays Tribute To ERIC CARR: He 'Was A Sweetheart Of A Man And A Great Drummer',https://www.blabbermouth.net/news/original-kiss-drummer-peter-criss-pays-tribute-to-eric-carr-he-was-a-sweetheart-of-a-man-and-a-great-drummer/
138,https://assets.blabbermouth.net/media/7000tons2020_420x237.jpg,ATHEIST -  CARACH ANGREN -  CATTLE DECAPITATION And ORPHANED LAND Among Latest Additions To 70000 TONS OF METAL Cruise,https://www.blabbermouth.net/news/atheist-carach-angren-cattle-decapitation-and-orphaned-land-among-latest-additions-to-70000-tons-of-metal-cruise/
139,https://assets.blabbermouth.net/media/roberttrujillokirkhammettplayitloud_420x237.jpg,KIRK HAMMETT And ROBERT TRUJILLO Perform METALLICA Medley At 'Play It Loud' Exhibit Launch In Cleveland: Video -  Photos,https://www.blabbermouth.net/news/kirk-hammett-and-robert-trujillo-perform-metallica-medley-at-play-it-loud-exhibit-launch-in-cleveland-video-photos/
140,https://assets.blabbermouth.net/media/slavesbandnov2019_420x237.jpg,SLAVES Release 'Prayers' Video,https://www.blabbermouth.net/news/slaves-release-prayers-video/
141,https://assets.blabbermouth.net/media/amaranthenov2019_420x237.jpg,Video Premiere: AMARANTHE's 'GG6',https://www.blabbermouth.net/news/video-premiere-amaranthes-gg6/
142,https://assets.blabbermouth.net/media/adaytoremembernov2019promo_420x237.jpg,A DAY TO REMEMBER Releases Music Video For New Song -  'Resentment',https://www.blabbermouth.net/news/a-day-to-remember-releases-new-song-resentment/
143,https://assets.blabbermouth.net/media/thewhobandsept2019_420x237.jpg,Listen To New THE WHO Song 'I Don't Wanna Get Wise',https://www.blabbermouth.net/news/listen-to-new-the-who-song-i-dont-wanna-get-wise/
144,https://assets.blabbermouth.net/media/tobiasforgeghostjuly2019solounmasked_420x237.jpg,GHOST's TOBIAS FORGE Plans To Make 'Responsible' Follow-Up To 'Prequelle',https://www.blabbermouth.net/news/ghosts-tobias-forge-plans-to-make-responsible-follow-up-to-prequelle/
145,https://assets.blabbermouth.net/media/axlroseslashgunsnrosescharlottekatarinabenzova_420x237.jpg,GUNS N' ROSES' 'Not In This Lifetime' Tour Has Grossed More Than $580 Million,https://www.blabbermouth.net/news/guns-n-roses-not-in-this-lifetime-tour-has-grossed-more-than-580-million/
146,https://assets.blabbermouth.net/media/soulflyaug2018promobetter_420x237.jpg,SOULFLY Announces 'The Summoning' 2020 North American Tour,https://www.blabbermouth.net/news/soulfly-announces-the-summoning-2020-north-american-tour/
147,https://assets.blabbermouth.net/media/markohietalasolonov2019_420x237.jpg,NIGHTWISH's MARCO HIETALA To Release English Version Of His Solo Album -  'Pyre Of The Black Heart' -  In January,https://www.blabbermouth.net/news/nightwishs-marco-hietala-to-release-english-version-of-his-solo-album-pyre-of-the-black-heart-in-january/
148,https://assets.blabbermouth.net/media/rolfkasparekrunningwildnov2019new_420x237.jpg,Listen To New RUNNING WILD Song 'Ride On The Wild Side',https://www.blabbermouth.net/news/listen-to-new-running-wild-song-ride-on-the-wild-side/
149,https://assets.blabbermouth.net/media/ozzyosbournepostmaloneforum_420x237.jpg,Watch OZZY OSBOURNE Join POST MALONE For 'Take What You Want' Performance In Los Angeles,https://www.blabbermouth.net/news/watch-ozzy-osbourne-join-post-malone-and-travis-scott-for-take-what-you-want-performance-in-los-angeles/
150,https://assets.blabbermouth.net/media/clintlowerysolonov2019_420x237.jpg,SEVENDUST's CLINT LOWERY Releases Music Video For Title Track Of 'God Bless The Renegades' Solo Album,https://www.blabbermouth.net/news/sevendusts-clint-lowery-releases-music-video-for-title-track-of-god-bless-the-renegades-solo-album/
151,https://assets.blabbermouth.net/media/evanescencebandnov2019promo_420x237.jpg,Hear EVANESCENCE's Cover Of FLEETWOOD MAC's 'The Chain',https://www.blabbermouth.net/news/hear-evanescences-cover-of-fleetwood-macs-the-chain/
152,https://assets.blabbermouth.net/media/BruceDickinsonOrchestraQuebec2019_420x237.jpg,Watch BRUCE DICKINSON Perform At 50th-Anniversary Celebration Of JON LORD's 'Concerto For Group And Orchestra' In Quebec City,https://www.blabbermouth.net/news/watch-bruce-dickinson-perform-at-50th-anniversary-celebration-of-jon-lords-concerto-for-group-and-orchestra-in-quebec-city/
153,https://assets.blabbermouth.net/media/marilynmansonoct2019_420x237.jpg,MARILYN MANSON Releases Cover Version Of THE DOORS Classic 'The End',https://www.blabbermouth.net/news/marilyn-manson-releases-cover-version-of-the-doors-classic-the-end/
154,https://assets.blabbermouth.net/media/ozzyosbournestraightohell_420x237.jpg,Listen To New OZZY OSBOURNE Single 'Straight To Hell' Featuring SLASH,https://www.blabbermouth.net/news/listen-to-new-ozzy-osbourne-single-straight-to-hell-featuring-slash/
155,https://assets.blabbermouth.net/media/frankhannonsolo2019_420x237.jpg,TESLA's FRANK HANNON Releases New Solo Single -  'South Side',https://www.blabbermouth.net/news/teslas-frank-hannon-releases-new-solo-single-south-side/
156,https://assets.blabbermouth.net/media/genesimmonsinvictussept2018_420x237.jpg,GENE SIMMONS To Launch 'Titans Of Rock' Classic Rock Festival Series,https://www.blabbermouth.net/news/gene-simmons-to-launch-titans-of-rock-classic-rock-festival-series/
157,https://assets.blabbermouth.net/media/kkdowninglive3_2011oct2018_420x237.jpg,K.K. DOWNING On JUDAS PRIEST's ROCK HALL Nomination: 'It's Hard To Think Of Another Band That's Done More',https://www.blabbermouth.net/news/k-k-downing-on-judas-priests-rock-hall-nomination-its-hard-to-think-of-another-band-thats-done-more/
158,https://assets.blabbermouth.net/media/machineheadkpit2019_420x237.jpg,Watch MACHINE HEAD Play For 50 People At London Dive Bar,https://www.blabbermouth.net/news/watch-machine-head-play-for-50-people-at-london-dive-bar/
159,https://assets.blabbermouth.net/media/watainbandpromo_420x237.jpg,WATAIN Guitarist Denied Entry To U.S.; Band Blames 'TRUMP-Administered Border Policy',https://www.blabbermouth.net/news/watain-guitarist-denied-entry-to-u-s-band-blames-trump-administered-border-policy/
160,https://assets.blabbermouth.net/media/metallicaqprimephoto2019_420x237.jpg,METALLICA Mourns Passing Of MUSIC FOR NATIONS Founder MARTIN HOOKER,https://www.blabbermouth.net/news/metallica-mourns-passing-of-music-for-nations-founder-martin-hooker/
161,https://assets.blabbermouth.net/media/jayweinbergsept2019unmasked_420x237.jpg,SLIPKNOT's JAY WEINBERG Gets Engaged,https://www.blabbermouth.net/news/slipknots-jay-weinberg-gets-engaged/
162,https://assets.blabbermouth.net/media/lastinlinejan2019promo_420x237.jpg,LAST IN LINE Is Seeking New Record Label Home,https://www.blabbermouth.net/news/last-in-line-is-seeking-new-record-label-home/
163,https://assets.blabbermouth.net/media/sabatonapocalyptica2019_420x237.jpg,SABATON Collaborates With APOCALYPTICA On New Version Of 'Angels Calling',https://www.blabbermouth.net/news/sabaton-collaborates-with-apocalyptica-on-new-version-of-angels-calling/
164,https://assets.blabbermouth.net/media/ozzyosbournenetent_420x237.jpg,OZZY OSBOURNE Video Slot Machine Has Arrived,https://www.blabbermouth.net/news/ozzy-osbourne-video-slot-machine-has-arrived/
165,https://assets.blabbermouth.net/media/thewhobandsept2019_420x237.jpg,ROGER DALTREY -  PETE TOWNSHEND Recall THE WHO Concert Tragedy For WCPO TV Special,https://www.blabbermouth.net/news/roger-daltrey-pete-townshend-recall-the-who-concert-tragedy-for-wcpo-tv-special/
166,https://assets.blabbermouth.net/media/dangeroushippies_420x237.jpg,HINDER Singer And Drummer Launch DANGEROUS HIPPIES,https://www.blabbermouth.net/news/hinder-singer-and-drummer-launch-dangerous-hippies/
167,https://assets.blabbermouth.net/media/heavymontreallogo_420x237.jpg,HEAVY MONTRÉAL On Hiatus In 2020,https://www.blabbermouth.net/news/heavy-montreal-on-hiatus-in-2020/
168,https://assets.blabbermouth.net/media/deathangelbandmarch2019_420x237.jpg,DEATH ANGEL Releases Music Video For 'Immortal Behated',https://www.blabbermouth.net/news/death-angel-releases-music-video-for-immortal-behated/
169,https://assets.blabbermouth.net/media/steelpantherpromojuly2019_420x237.jpg,STEEL PANTHER Releases NSFW Music Video For 'Gods Of P***y',https://www.blabbermouth.net/news/steel-panther-releases-nsfw-music-video-for-gods-of-py/
170,https://assets.blabbermouth.net/media/thedevilwearspradaoct2019promo_420x237.jpg,THE DEVIL WEARS PRADA Frontman: 'Playing Stuff That Doesn't Emotionally Resonate Is Just A Waste Of Time For Me',https://www.blabbermouth.net/news/the-devil-wears-prada-frontman-playing-stuff-that-doesnt-emotionally-resonate-is-just-a-waste-of-time-for-me/
171,https://assets.blabbermouth.net/media/schmierdestructionsolosept2019_420x237.jpg,DESTRUCTION's SCHMIER Slams MÖTLEY CRÜE For 'Coming Back To Fool Their Poor Fans Again',https://www.blabbermouth.net/news/destructions-schmier-slams-motley-crue-for-coming-back-to-fool-their-poor-fans-again/
172,https://assets.blabbermouth.net/media/lacunacoilpromooct2019_420x237.jpg,MARCO COTI ZELATI Wanted To Take LACUNA COIL In A More 'Metal' Direction on 'Black Anima',https://www.blabbermouth.net/news/marco-coti-zelati-wanted-to-take-lacuna-coil-in-a-more-metal-direction-on-black-anima/
173,https://assets.blabbermouth.net/media/robbflynnmachineheadwarsaw2019_420x237.jpg,MACHINE HEAD'S ROBB FLYNN Recalls 'Horrible' Original Chorus For 'Davidian',https://www.blabbermouth.net/news/machine-heads-robb-flynn-recalls-horrible-original-chorus-for-davidian/
174,https://assets.blabbermouth.net/media/floorjansennorthward2018promo1_420x237.jpg,NIGHTWISH's FLOOR JANSEN Stresses Importance Of Music Education,https://www.blabbermouth.net/news/nightwishs-floor-jansen-stresses-importance-of-music-education/
175,https://assets.blabbermouth.net/media/BlackStoneCherryAug2019Promo_420x237.jpg,BLACK STONE CHERRY To Enter Studio This Winter,https://www.blabbermouth.net/news/black-stone-cherry-to-enter-studio-this-winter/
176,https://assets.blabbermouth.net/media/sammyhagar5105vidmarch2019_420x237.jpg,SAMMY HAGAR Says THE CIRCLE Will Do A 'Real' 40-City Tour In 2020: 'I've Got To Do This While I Still Can',https://www.blabbermouth.net/news/sammy-hagar-says-the-circle-will-do-a-real-40-city-tour-in-2020-ive-got-to-do-this-while-i-still-can/
177,https://assets.blabbermouth.net/media/thewhobandsept2019_420x237.jpg,THE WHO Receives First Stone On 'Music Walk Of Fame',https://www.blabbermouth.net/news/the-who-receives-first-stone-on-music-walk-of-fame/
178,https://assets.blabbermouth.net/media/bowlforronnie2019_10_420x237.jpg,Fifth Annual 'Bowl For Ronnie' Raises More Than $50 - 000 For 'Ronnie James Dio Stand Up And Shout Cancer Fund',https://www.blabbermouth.net/news/fifth-annual-bowl-for-ronnie-raises-more-than-50000-for-ronnie-james-dio-stand-up-and-shout-cancer-fund/
179,https://assets.blabbermouth.net/media/phillynottoldtownvid_420x237.jpg,THIN LIZZY's PHIL LYNOTT To Be Honored With Commemorative Coin,https://www.blabbermouth.net/news/thin-lizzys-phil-lynott-to-be-honored-with-commemorative-coin/
180,https://assets.blabbermouth.net/media/tommyvictorprongmay2017ollypromojan2019_420x237.jpg,TOMMY VICTOR: 'No One Can Accuse PRONG Of Having Any Filler On Any Of Our Records',https://www.blabbermouth.net/news/tommy-victor-no-one-can-accuse-prong-of-having-any-filler-on-any-of-our-records/
181,https://assets.blabbermouth.net/media/vinnyappicesolojan2019_420x237.jpg,VINNY APPICE Doesn't Expect DEF LEPPARD's Rumored Tour With MÖTLEY CRÜE To Affect LAST IN LINE's Activities,https://www.blabbermouth.net/news/vinny-appice-doesnt-expect-def-leppards-rumored-tour-with-motley-crue-to-affect-last-in-lines-activities/
182,https://assets.blabbermouth.net/media/mickmarsthatmetalshow_420x237.jpg,MICK MARS In 2014 Interview: If MÖTLEY CRÜE Reunites For A Tour -  'I Will Invite The World To Come For Free',https://www.blabbermouth.net/news/mick-mars-in-2014-interview-if-motley-crue-reunites-for-a-tour-i-will-invite-the-world-to-come-for-free/
183,https://assets.blabbermouth.net/media/sammyhagargrammy2019_420x237.jpg,Watch SAMMY HAGAR Perform Acoustic Version Of VAN HALEN's 'Right Now' At Grammy Museum,https://www.blabbermouth.net/news/watch-sammy-hagar-perform-acoustic-version-of-van-halens-right-now-at-grammy-museum/
184,https://assets.blabbermouth.net/media/sevendustbandoct2018_420x237.jpg,SEVENDUST Will Wait Until Summer 2020 To Release New Album,https://www.blabbermouth.net/news/sevendust-will-wait-until-summer-2020-to-release-new-album/
185,https://assets.blabbermouth.net/media/lifeofagonybandsept2019_420x237.jpg,LIFE OF AGONY's ALAN ROBERT Thinks It's 'Disgusting' How The Media 'Sensationalizes' MINA CAPUTO,https://www.blabbermouth.net/news/life-of-agonys-alan-robert-thinks-its-disgusting-how-the-media-sensationalizes-mina-caputo/
186,https://assets.blabbermouth.net/media/doropeschnbpromomay2019_420x237.jpg,DORO PESCH Says Her Biggest Love Is 'The Metalheads -  The Fans',https://www.blabbermouth.net/news/doro-pesch-says-her-biggest-love-is-the-metalheads-the-fans/
187,https://assets.blabbermouth.net/media/EddieVanHalenOrnaments_420x237.jpg,EDDIE VAN HALEN Rockin' Little Guitars Available For Your Holiday Tree,https://www.blabbermouth.net/news/eddie-van-halen-rockin-little-guitars-available-for-your-holiday-tree/
188,https://assets.blabbermouth.net/media/sonsofapollobandnov2019_420x237.jpg,SONS OF APOLLO Members Discuss New Single 'Goodbye Divinity',https://www.blabbermouth.net/news/sons-of-apollo-members-discuss-new-single-goodbye-divinity/
189,https://assets.blabbermouth.net/media/philipanselmonov2019livefargo_420x237.jpg,PHILIP H. ANSELMO & THE ILLEGALS: Video Of Entire Fargo -  North Dakota Concert,https://www.blabbermouth.net/news/philip-h-anselmo-the-illegals-video-of-entire-fargo-north-dakota-concert/
190,https://assets.blabbermouth.net/media/meandthatmannapalm_420x237.jpg,BEHEMOTH Frontman's ME AND THAT MAN Project Signs With NAPALM RECORDS,https://www.blabbermouth.net/news/behemoth-frontmans-me-and-that-man-project-signs-with-napalm-records/
191,https://assets.blabbermouth.net/media/fallinginreverseatompr_420x237.jpg,FALLING IN REVERSE Releases Another New Song -  'Popular Monster',https://www.blabbermouth.net/news/falling-in-reverse-releases-another-new-song-popular-monster/
192,https://assets.blabbermouth.net/media/nooralouhimobattlebeastsept2019_420x237.jpg,BATTLE BEAST's NOORA LOUHIMO On Her Stage Costumes: 'It All Begins With My Imagination',https://www.blabbermouth.net/news/battle-beasts-noora-louhimo-on-her-stage-costumes-it-all-begins-with-my-imagination/
193,https://assets.blabbermouth.net/media/robhalfordcelestialpromo_420x237.jpg,JUDAS PRIEST's ROB HALFORD Says It's 'Truly Magical' To Be Able To Celebrate Band's Five-Decade History,https://www.blabbermouth.net/news/judas-priests-rob-halford-says-its-truly-magical-to-be-able-to-celebrate-bands-five-decade-history/
194,https://assets.blabbermouth.net/media/grammyawardslogo_420x237.jpg,TOOL -  KILLSWITCH ENGAGE -  DEATH ANGEL Among GRAMMY AWARDS Nominees,https://www.blabbermouth.net/news/tool-killswitch-engage-death-angel-among-grammy-awards-nominees/
195,https://assets.blabbermouth.net/media/jackrussellgreatwhite2019_420x237.jpg,Watch JACK RUSSELL'S GREAT WHITE Perform In Orlando,https://www.blabbermouth.net/news/watch-jack-russells-great-white-perform-in-orlando/
196,https://assets.blabbermouth.net/media/nergalbehemothgraspop2019_420x237.jpg,BEHEMOTH's NERGAL Says He Was Stalked By 'Very Well-Educated Woman' For Nearly Two Years,https://www.blabbermouth.net/news/behemoths-nergal-says-he-was-stalked-by-very-well-educated-woman-for-nearly-two-years/
197,https://assets.blabbermouth.net/media/brucedickinsonnov2019concertpromo_420x237.jpg,Here Is A Photo Of BRUCE DICKINSON Rehearsing With QUEBEC SYMPHONY ORCHESTRA,https://www.blabbermouth.net/news/here-is-a-photo-of-bruce-dickinson-rehearsing-with-quebec-symphony-orchestra/
198,https://assets.blabbermouth.net/media/philvaronesolo2019_420x237.jpg,PHIL VARONE Slams MÖTLEY CRÜE's 'So-Called Fans' For Being Angry Over Band's Return,https://www.blabbermouth.net/news/phil-varone-slams-motley-crues-so-called-fans-for-being-angry-over-bands-return/
199,https://assets.blabbermouth.net/media/seanmcnabbnov2019_420x237.jpg,Bassist SEAN MCNABB Quits LYNCH MOB,https://www.blabbermouth.net/news/bassist-sean-mcnabb-quits-lynch-mob/
200,https://assets.blabbermouth.net/media/michaelalagosolonov2019_420x237.jpg,A&R Executive Who Signed METALLICA To Release 'I Am Michael Alago' Book,https://www.blabbermouth.net/news/ar-executive-who-signed-metallica-to-release-i-am-michael-alago-book/
